<?xml version="1.0" encoding="UTF-8"?>
<project-private xmlns="http://www.netbeans.org/ns/project-private/1">
    <editor-bookmarks xmlns="http://www.netbeans.org/ns/editor-bookmarks/2" lastBookmarkId="0"/>
    <open-files xmlns="http://www.netbeans.org/ns/projectui-open-files/2">
        <group/>
        <group name="Programacion Multihilo">
            <file>file:/C:/Users/luis/Desktop/CURSO1920/DAM2/eval1/Proyectos%20Maestros/UT2.%20Programación%20Multihilo/Proyectos%20Maestros/PMHConsola007%20-%20Cesion%20del%20Control%20al%20Planificador%20de%20Hilos/src/pmhconsola007/PMHConsola007.java</file>
            <file>file:/C:/Users/luis/Desktop/CURSO1920/DAM2/eval1/Proyectos%20Maestros/UT2.%20Programación%20Multihilo/Proyectos%20Maestros/PMHConsola007%20-%20Cesion%20del%20Control%20al%20Planificador%20de%20Hilos/src/pmhconsola007/Hilo.java</file>
        </group>
    </open-files>
</project-private>
