<?xml version="1.0" encoding="UTF-8"?>
<project-private xmlns="http://www.netbeans.org/ns/project-private/1">
    <editor-bookmarks xmlns="http://www.netbeans.org/ns/editor-bookmarks/2" lastBookmarkId="0"/>
    <open-files xmlns="http://www.netbeans.org/ns/projectui-open-files/2">
        <group>
            <file>file:/D:/Users/ifhprof01/Documents/Grupo%20de%20Trabajo/drive-download-20180926T180600Z-001/UT1.%20Programación%20Multiproceso/Proyectos%20Maestros/PMPConsola200%20-%20ProcessBuilder%20-%20Consultar%20Variables%20de%20Entorno/src/pmpconsola200/PMPConsola200.java</file>
        </group>
        <group name="UT1.Programacio_Multiproceso"/>
    </open-files>
</project-private>
