<?xml version="1.0" encoding="UTF-8"?>
<project-private xmlns="http://www.netbeans.org/ns/project-private/1">
    <editor-bookmarks xmlns="http://www.netbeans.org/ns/editor-bookmarks/2" lastBookmarkId="0"/>
    <open-files xmlns="http://www.netbeans.org/ns/projectui-open-files/2">
        <group name="sockets">
            <file>file:/D:/proyectosNetBeans/Youtube/sockets/Ejercicio_sockets_DDR_3/src/ejercicio_sockets_ddr_3/Frm2.java</file>
            <file>file:/D:/proyectosNetBeans/Youtube/sockets/Ejercicio_sockets_DDR_3/src/ejercicio_sockets_ddr_3/Frm1.java</file>
            <file>file:/D:/proyectosNetBeans/Youtube/sockets/Ejercicio_sockets_DDR_3/src/ejercicio_sockets_ddr_3/Servidor.java</file>
            <file>file:/D:/proyectosNetBeans/Youtube/sockets/Ejercicio_sockets_DDR_3/src/ejercicio_sockets_ddr_3/Cliente.java</file>
        </group>
    </open-files>
</project-private>
