<?xml version="1.0" encoding="UTF-8"?>
<project-private xmlns="http://www.netbeans.org/ns/project-private/1">
    <editor-bookmarks xmlns="http://www.netbeans.org/ns/editor-bookmarks/2" lastBookmarkId="0"/>
    <open-files xmlns="http://www.netbeans.org/ns/projectui-open-files/2">
        <group>
            <file>file:/E:/Acceso%20a%20Datos/ESConsola020%20-%20Excepciones%20de%20Usuario%20Verificadas%20y%20no%20Verificadas/src/esconsola020/ESConsola020.java</file>
            <file>file:/E:/Acceso%20a%20Datos/ESConsola020%20-%20Excepciones%20de%20Usuario%20Verificadas%20y%20no%20Verificadas/src/esconsola020/ExcepcionNoVerificada.java</file>
            <file>file:/E:/Acceso%20a%20Datos/ESConsola020%20-%20Excepciones%20de%20Usuario%20Verificadas%20y%20no%20Verificadas/src/esconsola020/ExcepcionVerificada.java</file>
        </group>
    </open-files>
</project-private>
